<?xml version="1.0" encoding="UTF-8" standalone="yes"?>
<database>
    <cabbies>
        <cabbie>
            <cabbieId>fb96eae9-b3a6-4224-ba9a-23d19885c180</cabbieId>
            <isBusy>false</isBusy>
            <licenseNumber>456AbCdE</licenseNumber>
            <name>Martina</name>
            <rate>4.0</rate>
        </cabbie>
    </cabbies>
    <passengers>
        <passenger>
            <email>felipe.oliveira@email.com</email>
            <name>Estevão</name>
            <passengerId>8b488813-9409-4e8c-b995-c4862bd204ba</passengerId>
            <phone>+55 85 93456-7890</phone>
        </passenger>
        <passenger xmlns:xsi="http://www.w3.org/2001/XMLSchema-instance" xsi:type="businessPassenger">
            <email>teste@teste.io</email>
            <name>Isabela</name>
            <passengerId>13605a6f-2791-4edd-81ab-b36c6aeb6dc6</passengerId>
            <phone>+55 47 94567-8901</phone>
            <businessEmail>teste@teste.io</businessEmail>
        </passenger>
        <passenger xmlns:xsi="http://www.w3.org/2001/XMLSchema-instance" xsi:type="vipPassenger">
            <email>sofia.almeida@email.com</email>
            <name>Sofia</name>
            <passengerId>ca09b487-d71a-41bf-896b-03013139c04f</passengerId>
            <phone>+55 27 92345-6789</phone>
            <vipExpiration>2025-03-15T11:27</vipExpiration>
        </passenger>
    </passengers>
    <payments>
        <payment>
            <amount>33.72</amount>
            <paymentId>02f8a7a2-fffa-4866-9d7b-21392399ed44</paymentId>
            <paymentMethod>CREDIT_CARD</paymentMethod>
            <distance>11.31</distance>
            <ride>
                <cabbie>
                    <cabbieId>fb96eae9-b3a6-4224-ba9a-23d19885c180</cabbieId>
                    <isBusy>false</isBusy>
                    <licenseNumber>456AbCdE</licenseNumber>
                    <name>Martina</name>
                    <rate>4.0</rate>
                </cabbie>
                <dropLocation>ESTACAO_DE_TREM</dropLocation>
                <passenger xmlns:xsi="http://www.w3.org/2001/XMLSchema-instance" xsi:type="businessPassenger">
                    <email>teste@teste.io</email>
                    <name>Isabela</name>
                    <passengerId>13605a6f-2791-4edd-81ab-b36c6aeb6dc6</passengerId>
                    <phone>+55 47 94567-8901</phone>
                    <businessEmail>teste@teste.io</businessEmail>
                </passenger>
                <distance>0.0</distance>
                <rideId>17e326ab-9a25-492a-a6f6-2cb9a92194eb</rideId>
                <status>FINALIZADA</status>
                <vehicle>
                    <cabbieid>fb96eae9-b3a6-4224-ba9a-23d19885c180</cabbieid>
                    <model>Chevrolet</model>
                    <registrationNumber>ABD123</registrationNumber>
                    <vehicleId>84132e38-e5d0-4c7b-b835-53e046b137cb</vehicleId>
                    <year>2004</year>
                </vehicle>
            </ride>
            <startTime>2024-10-26T12:52:42.259346300</startTime>
        </payment>
        <payment>
            <amount>64.84</amount>
            <paymentId>7dcfabc6-5cbf-42ac-9291-304826f5d79c</paymentId>
            <paymentMethod>PIX</paymentMethod>
            <distance>15.3</distance>
            <ride>
                <cabbie>
                    <cabbieId>fb96eae9-b3a6-4224-ba9a-23d19885c180</cabbieId>
                    <isBusy>false</isBusy>
                    <licenseNumber>456AbCdE</licenseNumber>
                    <name>Martina</name>
                    <rate>4.0</rate>
                </cabbie>
                <dropLocation>BIBLIOTECA</dropLocation>
                <passenger>
                    <email>felipe.oliveira@email.com</email>
                    <name>Estevão</name>
                    <passengerId>8b488813-9409-4e8c-b995-c4862bd204ba</passengerId>
                    <phone>+55 85 93456-7890</phone>
                </passenger>
                <distance>0.0</distance>
                <rideId>0a060d0d-6dae-44e4-9098-91307fe73006</rideId>
                <status>EM_PROGRESSO</status>
                <vehicle>
                    <cabbieid>fb96eae9-b3a6-4224-ba9a-23d19885c180</cabbieid>
                    <model>Chevrolet</model>
                    <registrationNumber>ABD123</registrationNumber>
                    <vehicleId>84132e38-e5d0-4c7b-b835-53e046b137cb</vehicleId>
                    <year>2004</year>
                </vehicle>
            </ride>
            <startTime>2024-10-26T12:52:42.310139700</startTime>
        </payment>
        <payment>
            <amount>64.84</amount>
            <paymentId>753dca01-7fa4-4b3c-837f-87c2ab81b694</paymentId>
            <paymentMethod>PIX</paymentMethod>
            <distance>15.3</distance>
            <ride>
                <cabbie>
                    <cabbieId>fb96eae9-b3a6-4224-ba9a-23d19885c180</cabbieId>
                    <isBusy>false</isBusy>
                    <licenseNumber>456AbCdE</licenseNumber>
                    <name>Martina</name>
                    <rate>4.0</rate>
                </cabbie>
                <dropLocation>BIBLIOTECA</dropLocation>
                <passenger>
                    <email>felipe.oliveira@email.com</email>
                    <name>Estevão</name>
                    <passengerId>8b488813-9409-4e8c-b995-c4862bd204ba</passengerId>
                    <phone>+55 85 93456-7890</phone>
                </passenger>
                <pickupLocation>PARQUE</pickupLocation>
                <distance>15.3</distance>
                <rideId>0a060d0d-6dae-44e4-9098-91307fe73006</rideId>
                <startTime>2024-10-26T12:52:42.310139700</startTime>
                <status>EM_PROGRESSO</status>
                <vehicle>
                    <cabbieid>fb96eae9-b3a6-4224-ba9a-23d19885c180</cabbieid>
                    <model>Chevrolet</model>
                    <registrationNumber>ABD123</registrationNumber>
                    <vehicleId>84132e38-e5d0-4c7b-b835-53e046b137cb</vehicleId>
                    <year>2004</year>
                </vehicle>
            </ride>
            <startTime>2024-10-26T12:52:42.310139700</startTime>
        </payment>
    </payments>
    <rides>
        <ride>
            <cabbie>
                <cabbieId>fb96eae9-b3a6-4224-ba9a-23d19885c180</cabbieId>
                <isBusy>false</isBusy>
                <licenseNumber>456AbCdE</licenseNumber>
                <name>Martina</name>
                <rate>4.0</rate>
            </cabbie>
            <dropLocation>ESTACAO_DE_TREM</dropLocation>
            <passenger xmlns:xsi="http://www.w3.org/2001/XMLSchema-instance" xsi:type="businessPassenger">
                <email>teste@teste.io</email>
                <name>Isabela</name>
                <passengerId>13605a6f-2791-4edd-81ab-b36c6aeb6dc6</passengerId>
                <phone>+55 47 94567-8901</phone>
                <businessEmail>teste@teste.io</businessEmail>
            </passenger>
            <pickupLocation>SHOPPING</pickupLocation>
            <distance>11.31</distance>
            <rideId>17e326ab-9a25-492a-a6f6-2cb9a92194eb</rideId>
            <startTime>2024-10-26T12:52:42.259346300</startTime>
            <status>FINALIZADA</status>
            <vehicle>
                <cabbieid>fb96eae9-b3a6-4224-ba9a-23d19885c180</cabbieid>
                <model>Chevrolet</model>
                <registrationNumber>ABD123</registrationNumber>
                <vehicleId>84132e38-e5d0-4c7b-b835-53e046b137cb</vehicleId>
                <year>2004</year>
            </vehicle>
        </ride>
        <ride>
            <cabbie>
                <cabbieId>fb96eae9-b3a6-4224-ba9a-23d19885c180</cabbieId>
                <isBusy>false</isBusy>
                <licenseNumber>456AbCdE</licenseNumber>
                <name>Martina</name>
                <rate>4.0</rate>
            </cabbie>
            <dropLocation>ESTACAO_DE_TREM</dropLocation>
            <passenger xmlns:xsi="http://www.w3.org/2001/XMLSchema-instance" xsi:type="businessPassenger">
                <email>teste@teste.io</email>
                <name>Isabela</name>
                <passengerId>13605a6f-2791-4edd-81ab-b36c6aeb6dc6</passengerId>
                <phone>+55 47 94567-8901</phone>
                <businessEmail>teste@teste.io</businessEmail>
            </passenger>
            <pickupLocation>SHOPPING</pickupLocation>
            <distance>11.31</distance>
            <rideId>17e326ab-9a25-492a-a6f6-2cb9a92194eb</rideId>
            <startTime>2024-10-26T12:52:42.259346300</startTime>
            <status>FINALIZADA</status>
            <vehicle>
                <cabbieid>fb96eae9-b3a6-4224-ba9a-23d19885c180</cabbieid>
                <model>Chevrolet</model>
                <registrationNumber>ABD123</registrationNumber>
                <vehicleId>84132e38-e5d0-4c7b-b835-53e046b137cb</vehicleId>
                <year>2004</year>
            </vehicle>
        </ride>
        <ride>
            <cabbie>
                <cabbieId>fb96eae9-b3a6-4224-ba9a-23d19885c180</cabbieId>
                <isBusy>false</isBusy>
                <licenseNumber>456AbCdE</licenseNumber>
                <name>Martina</name>
                <rate>4.0</rate>
            </cabbie>
            <dropLocation>BIBLIOTECA</dropLocation>
            <passenger>
                <email>felipe.oliveira@email.com</email>
                <name>Estevão</name>
                <passengerId>8b488813-9409-4e8c-b995-c4862bd204ba</passengerId>
                <phone>+55 85 93456-7890</phone>
            </passenger>
            <distance>0.0</distance>
            <rideId>0a060d0d-6dae-44e4-9098-91307fe73006</rideId>
            <status>EM_PROGRESSO</status>
            <vehicle>
                <cabbieid>fb96eae9-b3a6-4224-ba9a-23d19885c180</cabbieid>
                <model>Chevrolet</model>
                <registrationNumber>ABD123</registrationNumber>
                <vehicleId>84132e38-e5d0-4c7b-b835-53e046b137cb</vehicleId>
                <year>2004</year>
            </vehicle>
        </ride>
        <ride>
            <cabbie>
                <cabbieId>fb96eae9-b3a6-4224-ba9a-23d19885c180</cabbieId>
                <isBusy>false</isBusy>
                <licenseNumber>456AbCdE</licenseNumber>
                <name>Martina</name>
                <rate>4.0</rate>
            </cabbie>
            <dropLocation>BIBLIOTECA</dropLocation>
            <passenger>
                <email>felipe.oliveira@email.com</email>
                <name>Estevão</name>
                <passengerId>8b488813-9409-4e8c-b995-c4862bd204ba</passengerId>
                <phone>+55 85 93456-7890</phone>
            </passenger>
            <pickupLocation>PARQUE</pickupLocation>
            <distance>15.3</distance>
            <rideId>92bd271b-b3f8-4bed-b683-87d4d49ca9d1</rideId>
            <startTime>2024-10-26T12:52:42.414842</startTime>
            <status>EM_PROGRESSO</status>
            <vehicle>
                <cabbieid>fb96eae9-b3a6-4224-ba9a-23d19885c180</cabbieid>
                <model>Chevrolet</model>
                <registrationNumber>ABD123</registrationNumber>
                <vehicleId>84132e38-e5d0-4c7b-b835-53e046b137cb</vehicleId>
                <year>2004</year>
            </vehicle>
        </ride>
    </rides>
    <vehicles>
        <vehicle>
            <cabbieid>fb96eae9-b3a6-4224-ba9a-23d19885c180</cabbieid>
            <model>Chevrolet</model>
            <registrationNumber>ABD123</registrationNumber>
            <vehicleId>84132e38-e5d0-4c7b-b835-53e046b137cb</vehicleId>
            <year>2004</year>
        </vehicle>
    </vehicles>
</database>
