<?xml version="1.0" encoding="UTF-8" standalone="yes"?>
<database>
    <cabbies>
        <cabbie>
            <cabbieId>e9ed2e1b-cbf7-418f-982d-df741537b709</cabbieId>
            <isBusy>false</isBusy>
            <licenseNumber>FgH7IjKl</licenseNumber>
            <name>Martina</name>
            <rate>4.5</rate>
        </cabbie>
    </cabbies>
    <passengers>
        <passenger>
            <email>felipe.oliveira@email.com</email>
            <name>Estevão</name>
            <passengerId>a9c5cdcd-7647-4ab8-afe8-e24747d5744a</passengerId>
            <phone>+55 85 93456-7890</phone>
        </passenger>
    </passengers>
    <payments>
        <payment>
            <amount>46.73</amount>
            <paymentId>c2f7bd9f-4ee0-4fe1-8b2a-d04e15beba59</paymentId>
            <paymentMethod>CREDIT_CARD</paymentMethod>
            <distance>11.31</distance>
            <rideid>6e136336-df73-4dad-a332-58bad4581064</rideid>
            <startTime>2024-10-04T21:14:01.346580200</startTime>
        </payment>
        <payment>
            <amount>73.58</amount>
            <paymentId>786d534b-09c5-43ce-83f3-9898940194ad</paymentId>
            <paymentMethod>PIX</paymentMethod>
            <distance>15.3</distance>
            <rideid>54319e5e-2ad0-441b-a277-9f204d993a91</rideid>
            <startTime>2024-10-04T21:14:01.388174100</startTime>
        </payment>
        <payment>
            <amount>56.4</amount>
            <paymentId>1ede3292-70e1-41fe-bb79-7ab53341abbe</paymentId>
            <paymentMethod>DEBIT_CARD</paymentMethod>
            <distance>14.21</distance>
            <rideid>e8defabc-d1f9-46e6-9ce6-6cfd09269348</rideid>
            <startTime>2024-10-04T21:14:01.485801600</startTime>
        </payment>
    </payments>
    <rides>
        <ride>
            <cabbieId>e9ed2e1b-cbf7-418f-982d-df741537b709</cabbieId>
            <dropLocation>ESTACAO_DE_TREM</dropLocation>
            <passengerId>a9c5cdcd-7647-4ab8-afe8-e24747d5744a</passengerId>
            <distance>0.0</distance>
            <rideId>6e136336-df73-4dad-a332-58bad4581064</rideId>
            <status>FINALIZADA</status>
            <vehicleId>5226ac27-1227-4823-9c01-2a6fce567e74</vehicleId>
        </ride>
        <ride>
            <cabbieId>e9ed2e1b-cbf7-418f-982d-df741537b709</cabbieId>
            <dropLocation>BIBLIOTECA</dropLocation>
            <passengerId>a9c5cdcd-7647-4ab8-afe8-e24747d5744a</passengerId>
            <distance>0.0</distance>
            <rideId>54319e5e-2ad0-441b-a277-9f204d993a91</rideId>
            <status>FINALIZADA</status>
            <vehicleId>5226ac27-1227-4823-9c01-2a6fce567e74</vehicleId>
        </ride>
        <ride>
            <cabbieId>e9ed2e1b-cbf7-418f-982d-df741537b709</cabbieId>
            <dropLocation>HOSPITAL</dropLocation>
            <passengerId>a9c5cdcd-7647-4ab8-afe8-e24747d5744a</passengerId>
            <pickupLocation>ESCOLA</pickupLocation>
            <distance>14.21</distance>
            <rideId>e8defabc-d1f9-46e6-9ce6-6cfd09269348</rideId>
            <startTime>2024-10-04T21:14:01.485801600</startTime>
            <status>FINALIZADA</status>
            <vehicleId>5226ac27-1227-4823-9c01-2a6fce567e74</vehicleId>
        </ride>
    </rides>
    <vehicles>
        <vehicle>
            <cabbieid>e9ed2e1b-cbf7-418f-982d-df741537b709</cabbieid>
            <model>Chevrolet</model>
            <registrationNumber>ABD123</registrationNumber>
            <vehicleId>5226ac27-1227-4823-9c01-2a6fce567e74</vehicleId>
            <year>2023</year>
        </vehicle>
    </vehicles>
</database>
