<?xml version="1.0" encoding="UTF-8" standalone="yes"?>
<database>
    <cabbies>
        <cabbie>
            <cabbieId>25d01c7b-82b2-40f2-ab3b-2bee78081c32</cabbieId>
            <isBusy>false</isBusy>
            <licenseNumber>NoPqRsTu</licenseNumber>
            <name>Martina</name>
            <rate>3.0</rate>
        </cabbie>
    </cabbies>
    <passengers>
        <passenger>
            <email>tiago.silva@email.com</email>
            <name>Estevão</name>
            <passengerId>e3c040da-4667-441a-a3fb-b19371e74873</passengerId>
            <phone>+55 13 91234-5678</phone>
        </passenger>
    </passengers>
    <payments>
        <payment>
            <amount>39.68</amount>
            <paymentId>d8c0cddd-e0ce-4f87-9b27-2c8e3c707c15</paymentId>
            <paymentMethod>CREDIT_CARD</paymentMethod>
            <distance>11.31</distance>
            <rideid>97d7d035-0c85-4404-91c5-34b35d9b5199</rideid>
            <startTime>2024-10-15T16:04:37.047335100</startTime>
        </payment>
        <payment>
            <amount>64.84</amount>
            <paymentId>f64aa7fa-6b9e-42ef-98be-0661a5114ef5</paymentId>
            <paymentMethod>PIX</paymentMethod>
            <distance>15.3</distance>
            <rideid>97a6b34c-6dae-48d1-b15f-e42d9affa5ce</rideid>
            <startTime>2024-10-15T16:04:37.085085300</startTime>
        </payment>
        <payment>
            <amount>66.13</amount>
            <paymentId>9b9d9059-ba6f-446b-a6ce-7dd35e09ceea</paymentId>
            <paymentMethod>VOUCHER</paymentMethod>
            <distance>15.3</distance>
            <rideid>fddb8e62-63f6-4ddf-8819-092bf6d88886</rideid>
            <startTime>2024-10-15T16:04:37.180388100</startTime>
        </payment>
    </payments>
    <rides>
        <ride>
            <cabbieId>25d01c7b-82b2-40f2-ab3b-2bee78081c32</cabbieId>
            <dropLocation>ESTACAO_DE_TREM</dropLocation>
            <passengerId>e3c040da-4667-441a-a3fb-b19371e74873</passengerId>
            <distance>0.0</distance>
            <rideId>97d7d035-0c85-4404-91c5-34b35d9b5199</rideId>
            <status>FINALIZADA</status>
            <vehicleId>1475a627-5c01-4eff-8ed4-9a2b593fefe8</vehicleId>
        </ride>
        <ride>
            <cabbieId>25d01c7b-82b2-40f2-ab3b-2bee78081c32</cabbieId>
            <dropLocation>BIBLIOTECA</dropLocation>
            <passengerId>e3c040da-4667-441a-a3fb-b19371e74873</passengerId>
            <distance>0.0</distance>
            <rideId>97a6b34c-6dae-48d1-b15f-e42d9affa5ce</rideId>
            <status>FINALIZADA</status>
            <vehicleId>1475a627-5c01-4eff-8ed4-9a2b593fefe8</vehicleId>
        </ride>
        <ride>
            <cabbieId>25d01c7b-82b2-40f2-ab3b-2bee78081c32</cabbieId>
            <dropLocation>BIBLIOTECA</dropLocation>
            <passengerId>e3c040da-4667-441a-a3fb-b19371e74873</passengerId>
            <pickupLocation>PARQUE</pickupLocation>
            <distance>15.3</distance>
            <rideId>fddb8e62-63f6-4ddf-8819-092bf6d88886</rideId>
            <startTime>2024-10-15T16:04:37.180388100</startTime>
            <status>FINALIZADA</status>
            <vehicleId>1475a627-5c01-4eff-8ed4-9a2b593fefe8</vehicleId>
        </ride>
    </rides>
    <vehicles>
        <vehicle>
            <cabbieid>25d01c7b-82b2-40f2-ab3b-2bee78081c32</cabbieid>
            <model>Toyota</model>
            <registrationNumber>ABD123</registrationNumber>
            <vehicleId>1475a627-5c01-4eff-8ed4-9a2b593fefe8</vehicleId>
            <year>2003</year>
        </vehicle>
    </vehicles>
</database>
